5,11;5,11;5;5,11;5;5,11;5,11;5,11;5,11;5,11;5,11;5,11;5,11;5,11;1;5,11;5,11;5,11;5,11;5,11;5,11;5,11;5,11;5,11;5,11;5;5,11;5,11;5,11;5,11;5;5,11;5,11;5;5,11;5,11;5,11;5;1;1;1;1;1;5,11;5,11;5,11;5,11;5,11;5,11;5,11;5,11;5,11;5,11;5,11;5,11;5,11;5,11;5,11;5,11;5,11
5;5;5;5,11;5;5,11;5;5,11;5;5;5,11;5,11;5;5,11;1;5,11;5,11;5,11;5,11;5;5,11;5,11;5;5,11;5,11;5,11;5,11;5;5,11;5,11;5,11;5,11;5,11;5;5,11;5;1;1;1;1;1;1;1;5,11;5,11;5,11;5,11;5,11;5,11;5;5;5,11;5;5,11;5;5,11;5,11;5,11;5,11;5,11
5,11;5;5,11;5;5,11;5,11;5,11;5;5,11;5,11;5;5;5,11;5,11;1;5,11;5,11;5,11;5,11;5,11;5;5,11;5,11;5,11;5,11;5;5,11;5,11;5,11;5,11;5,11;5,11;5,11;5,11;5;5;1;1;1;1;1;1;5,11;5,11;5,11;5,11;5;5;5,11;5,11;5,11;5,11;5,11;5,11;5,11;5,11;5,11;5,11;5,11;5,11
5;5,11;5;5;5,11;5;5,11;5,11;5,11;5;5;5,11;5,11;5,11;1;5,11;5,11;5,11;5;5,11;5,11;5,11;5;5,11;5,11;5,11;5,11;5,11;5;5,11;5;5,11;5,11;5;5;5;1;1;1;1;5;5,11;5,11;5;5;5,11;5,11;5,11;5,11;5;5,11;5,11;5;5,11;5,11;5,11;5,11;5;5,11;5
5,11;5;5,11;5;5;5,11;5,11;5;5,11;5,11;5,11;5;5,11;5,11;1;5,11;5,11;5,11;5,11;5,11;5,11;5,11;5,11;5,11;5,11;5,11;5,11;5;5,11;5,11;5,11;5;5,11;5;5;1;1;1;1;5;5,11;5,11;5,11;5,11;5,11;5,11;5,11;5;5;5;5;5;5;5;5,11;5,11;5;5,11;5;5,11
5,11;5,11;5,11;5,11;5,11;5,11;5,11;5,11;5;5,11;5,11;5,11;5,11;5;1;5;5,11;5,11;5;5,11;5;5;5;5,11;5;5;5;5;5;5;5;5;5;5;5;1;1;1;1;5;5;5,11;5,11;5;5,11;5,11;5;5;5;5;5;5;5;5;5;5;5;5;5,11;5,11
5;5,11;5,11;5;5,11;5;5;5;5;5;5,11;5,11;5;5;1;5;5,11;5,11;5,11;5,11;5,11;5;5,11;5,11;5;5;5;5;5;5;5;5;5;5;5;1;1;1;5;5;5;5;5;5,11;5,11;5;5;5;5;5;5;5;5;5;5;5;5;5;5,11;5,11
5,11;5,11;5;5;5;5;5;5;5;5;5;5;5;1;1;1;5;5;5,11;5;5;5,11;5;5;5,11;5;5;5;5;5;5;5;5;5;1;1;1;1;5;5;5;5;5;5;5;5;5;5;5;5;5;5;5;5;5;5;5;5;5,11;5,11
5,11;5;5;5;5;5;5;5;5;5;5;5;1;1;5;1;5;5;5;5,11;5,11;5,11;5;5,11;5;5,11;5;5;5;5;5;5;5;5;1;1;1;1;5;5;5;5;5;5;5;5;5;5;5;5;5;5;5;5;5;5;5;5;5,11;5,11
5,11;5;5;5;5;1;1;1;1;1;1;1;1;5;5;1;1;5,51,52;5;5;5;5;5,11;5;5;5;5,11;5;5;5;5;5;5;1;1;1;1;1;5;5;5;5;5;5;5;5;5;5;5;5;5;5;5;5;5;5;5;5;5,11;5,11
5,11;5;5;5;5;1;1;1;1;1;5;5;5;5;5;5;1;1;1;1;1;1;5,11;5;5,11;5;5;5,11;5;5;5;5;5;1;1;1;1;5;5;5;5;5;5;5;5;5;5;5;5;5;5;5;5;5;5;5;5;5;5;5,11
5,11;5;5;5;5;1;1;1;1;1;5;5,11;5;5;5;5;5;5;5;1;1;1;5;5;5,11;5,11;5;5,11;5;5;5;5;5;1;1;1;1;5;5;5;5;5;5;5;5;5;5;5;5;5;5;5;5;5;5;5;5;5;5,11;5,11
5,11;5;5;5;5;5;5;5;5;5;5;5;5;5;5;5;5;5;5;5;1;5;5;5,11;5;5,11;5;5,11;5;5;5;5;5;1;1;1;1;5;5;5;5;5;5;5;5;5;5;5;5;5;5;5;5;5;5;5;5;5;5,11;5,11
5,11;5;5;5;5;5;5;5;5;5;5;5;5;5;5;5;5;5;5;5;1;5;5;5;5;5;5,11;5,11;5;5;5;5;5;1;1;1;1;5;5;5;5;5;5;5;5;5;5;5;5;5;5;5;5;5;5;5;5;5;5,11;5,11
5,11;5;5;5;5;5;5;5;5;5;5;5;5;5;5;5;5;5;5;5;1;1;5;5;5;5,11;5,11;5;5;5;5;5;5;5;1;1;1;1;5;5;5;5;5;5;5;5;5;5;5;5;5;5;5;5;5;5;5;5;5,11;5,11
5,11;5;5;5;5;5;5;5;5;5;5;5;5;5;5;5;5;5;5;5;5;1;1;5;5;5;5;5;5;5;5;5;5;5;1;1;1;1;5;5;5;5;5;5;5;5;5;5;5;5;5;5;5;5;5;5;5;5;5,11;5
5,11;5,11;5;5;5;5;5;5;5;5;5;5;5;5;5;5;5;5;5;5;5;5;1;5;5;5;5;5;5;5;5;5;5;5;5;1;1;1;5;5;5;5;5;5;5;5;5;5;5;5;5;5;5;5;5;5;5;5,11;5,11;5,11
5,11;5,11;5;5;5;5;5;5;5;5;5;5;5;5;5;5;5;5;5;5;5;5;5;5;5;5;5;5;5;5;5;5;5;5;5;1;1;1;5;5;5;5;5;5;5;5;5;5;5;5;5;5;5;5;5;5;5;5,11;5,11;5,11
5,11;5,11;5;5;5;5;5;5;5;5;5;5;5;5;5;5;5;5;5;5;5;5;5;5;5;5;5;5;5;5;5;5;5;5;5;1;1;1;1;5;5;5;5;5;5;5;5;5;5;5;5;5;5;5;5;5;5;5,11;5,11;5,11
5;5,11;5;5;5;5;5;5;5;5;5;5;5;5;5;5;5;5;5;5;5;5;5;5;5;5;5;5;5;5;5;5;5;5;5;1;1;1;1;5;5;5;5;5;5;5;5;5;5;5;5;5;5;5;5;5;5;5,11;5,11;5
5,11;5,11;5;5;5;5;5;5;5;5;5;5;5;5;5;5;5;5;5;5;5;5;5;5;5;5;5;5;5;5;5;5;5;5;5;1;1;1;1;5;5;5;5;5;5;5;5;5;5;5;5;5;5;5;5;5;5;5,11;5,11;5,11
5,11;5;5;5;5;5;5;5;5;5;5;5;5;5;5;5;5;5;5;5;5;5;5;5;5;5;5;5;5;5;5;5;5;5;5;1;1;1;1;5;5;5;5;5;5;5;5;5;5;5;5;5;5;5;5;5;5;5;5;5,11
5;5,11;5;5;5;5;5;5;5;5;5;5;5;5;5;5;5;5;5;5;5;5;5;5;5;5;5;5;5;5;5;5;5;5;5;1;1;1;1;5;5;5;5;5;5;5;5;5;5;5;5;5;5;5;5;5;5;5;5;5,11
5,11;5,11;5;5;5;5;5;5;5;5;5;5;5;5;5;5;5;5;5;5;5;5;5;5;5;5;5;5;5;5;5;5;5;5;5;1;5;1;1;5;5;5;5;5;5;5;5;5;5;5;5;5;5;5;5;5;5;5;5,11;5,11
5,11;5,11;5;5;5;5;5;5;5;5;5;5;5;5;5;5;5;5;5;5;5;5;5;5;5;5;5;5;5;5;5;5;5;5;5;1;1;1;1;5;5;5;5;5;5;5;5;5;5;5;5;5;5;5;5;5;5;5;5,11;5
5,11;5,11;5;5;5;5;5;5;5;5;5;5;5;5;5;5;5;5;5;5;5;5;5;5;5;5;5;5;5;5;5;5;5;5;5;1;1;1;1;5;5;5;5;5;5;5;5;5;5;5;5;5;5;5;5;5;5;5;5,11;5
5,11;5;5;5;5;5;5;5;5;5;5;5;5;5;5;5;5;5;5;5;5;5;5;5;5;5;5;5;5;5;5;5;5;5;5;1;1;1;5;5;5;5;5;5;5;5;5;5;5;5;5;5;5;5;5;5;5;5;5,11;5,11
5,11;5;5;5;5;5;5;5;5;5;5;5;5;5;5;5;5;5;5;5;5;5;5;5;5;5;5;5;5;5;5;5;5;5;5;1;1;1;5;5;5;5;5;5;5;5;5;5;5;5;5;5;5;5;5;5;5;5;5;5,11
5,11;5,11;5;5;5;5;5;5;5;5;5;5;5;5;5;5;5;5;5;5;5;5;5;5;5;5;5;5;5;5;5;5;5;5;1;1;1;1;5;5;5;5;5;5;5;5;5;5;5;5;5;5;5;5;5;5;5;5;5;5,11
5,11;5;5;5;5;5;5;5;5;5;5;5;5;5;5;5;5;5;5;5;5;5;5;5;5;5;5;5;5;5;5;5;5;5;1;1;1;1;5;5;5;5;5;5;5;5;5;5;5;5;5;5;5;5;5;5;5;5;5,11;5,11
5;5,11;5;5;5;5;5;5;5;5;5;5;5;5;5;5;5;5;5;5;5;5;5;5;5;5;5;5;5;5;5;5;5;5;1;1;1;1;5;5;5;5;5;5;5;5;5;5;5;5;5;5;5;5;5;5;5;5;5;5,11
5;5,11;5;5;5;5;5;5;5;5;5;5;5;5;5;5;5;5;5;5;5;5;5;5;5;5;5;5;5;5;5;5;5;5;1;1;1;1;5;5;5;5;5;5;5;5;5;5;5;5;5;5;5;5;5;5;5;5;5,11;5
5,11;5,11;5;5;5;5;5;5;5;5;5;5;5;5;5;5;5;5;5;5;5;5;5;5;5;5;5;5;5;5;5;5;5;5;1;1;1;1;5;5;5;5;5;15,0;15,0;15,0;15,0;5;5;5;5;5;5;5;5;5;5;5;5,11;5,11
5,11;5,11;5;15,0;15,0;15,0;5;5;5;5;5;5;5;5;5;5;5;5;5;5;5;5;5;5;5;5;5;5;5;5;5;5;5;5;1;1;1;1;5;5;5;5;15,0;15,0;15;15;15,0;15,0;15,0;15,0;15,0;15,0;5;5;5;5;5;5;5,11;5,11
5,11;5;5;15,0;15;15,0;5;5;5;5;5;5;5;5;5;5;5;5;5;5;5;5;5;5;5;5;5;5;5;5;5;5;5;5;1;1;1;5;5;5;5;5;15,0;15;15;15;15;15;15;15;15;15,0;15,0;15,0;5;5;5;5;5,11;5,11
5,11;5;5;15,0;15;15,0;15,0;15,0;5;5;5;5;5;5;5;5;5;5;5;5;15,0;15,0;15,0;15,0;15,0;5;5;5;5;5;5;5;5;5;1;1;1;5;5;5;5;15,0;15,0;15;15;15;15;15;15;15;15;15;15;15,0;15,0;5;5;5;5;5,11
5,11;15,0;15,0;15,0;15;15;15;15,0;5;5;5;5;5;5;5;5;5;15,0;15,0;15,0;15,0;15;15;15;15,0;15,0;5;5;5;5;5;5;5;5;1;1;1;5;5;5;15,0;15,0;15;15;15;15;15;15;15;15;15;15;15;15;15,0;15,0;5;5;5;5,11
15,0;15,;15,0;15,0;15;15;15;15,0;5;5;5;5;5;5;5;15,0;15,0;15,0;15;15;15;15;15;15;15;15,0;15,0;15,0;5;5;5;15,0;15,0;15,0;15,;15,;15;15,0;15,0;15,0;15,0;15;15;15;15;15;15;15;15;15;15;15;15;15;15;15,0;15,0;15,0;15,0;15,0
15;15;15;15;15;15;15;15,0;5;5;5;5;15,0;15,0;15,0;15,0;15;15;15;15;15;15;15;15;15;15;15;15,0;15,0;15,0;15,0;15,0;15;15,0;15;15;15;15,0;15;15;15;15;15;15;15;15;15;15;15;15;15;15;15;15;15;15;15;15;15;15
15;15;15;15;15;15;15;15,0;5;5;5;15,0;15,0;15;15;15;15;15;15;15;15;15;15;15;15;15;15;15;15;15;15;15;15;15,0;15;15;15;15,0;15;15;15;15;15;15;15;15;15;15;15;15;15;15;15;15;15;15;15;15;15;15
15;15;15;15;15;15;15;15,0;15,0;5;5;15,0;15;15;15;15;15;15;15;15;15;15;15;15;15;15;15;15;15;15;15;15;15;15,0,55;15;15;15;15,0;15;15;15;15;15;15;15;15;15;15;15;15;15;15;15;15;15;15;15;15;15;15
15;15;15;15;15;15;15;15;15,0;5;5;15,0;15;15;15;15;15;15;15;15;15;15;15;15;15;15;15;15;15;15;15;15;15;15,0;15;15;15;15,0;15;15;15;15;15;15;15;15;15;15;15;15;15;15;15;15;15;15;15;15;15;15
15;15;15;15;15;15;15;15;15,0;5;5;15,0;15;15;15;15;15;15;15;15;15;15;15;15;15;15;15;15;15;15;15;15;15;15,0,56;15;15;15;15,0;15;15;15;15;15;15;15;15;15;15;15;15;15;15;15;15;15;15;15;15;15;15
15;15;15;15;15;15;15;15;15,0;5;5;15,0;15;15;15;15;15;15;15;15;15;15;15;15;15;15;15;15;15;15;15;15;15;15,0,56;15;15;15;15,0;15;15;15;15;15;15;15;15;15;15;15;15;15;15;15;15;15;15;15;15;15;15
15;15;15;15;15;15;15;15;15,0;5;5;15,0;15;15;15;15;15;15;15;15;15;15;15;15;15;15;15;15;15;15;15;15;15;15,0,56;15,0;15,0;15,0;15,0;15;15;15;15;15;15;15;15;15;15;15;15;15;15;15;15;15;15;15;15;15;15
15;15;15;15;15;15;15;15,0;15,0;5;5;15,0;15;15;15;15;15;15;15;15;15;15;15;15;15;15;15;15;15;15;15;15;15;15;15;15;15;15;15;15;15;15;15;15;15;15;15;15;15;15;15;15;15;15;15;15;15;15;15;15
15;15;15;15;15;15;15,0;15,0;5;5;5;15,0;15,0;15;15;15;15;15;15;15;15;15;15;15;15;15;15;15;15;15;15;15;15;15;15;15;15;15;15;15;15;15;15;15;15;15;15;15;15;15;15;15;15;15;15;15;15;15;15;15
15;15;15;15;15;15;15,0;5;5;5;5;5;15,0;15;15;15;15;15;15;15;15;15;15;15;15;15;15;15;15;15;15;15;15;15;15;15;15;15;15;15;15;15;15;15;15;15;15;15;15;15;15;15;15;15;15;15;15;15;15;15
15;15;15;15;15;15;15,0;5;5;5;5;5;15,0;15;15;15;15;15;15;15;15;15;15;15;15;15;15;15;15;15;15;15;15;15;15;15;15;15;15;15;15;15;15;15;15;15;15;15;15;15;15;15;15;15;15;15;15;15;15;15
15;15;15;15;15;15;15,0;5;5;5;5;5;15,0;15;15;15;15;15;15;15;15;15;15;15;15;15;15;15;15;15;15;15;15;15;15;15;15;15;15;15;15;15;15;15;15;15;15;15;15;15;15;15;15;15;15;15;15;15;15;15
15;15;15;15;15;15;15,0;15,0;5;5;5;15,0;15,0;15;15;15;15;15;15;15;15;15;15;15;15;15;15;15;15;15;15;15;15;15;15;15;15;15;15;15;15;15;15;15;15;15;15;15;15;15;15;15;15;15;15;15;15;15;15;15
15;15;15;15;15;15;15;15,0;15,0;15,0;15,0;15,0;15;15;15;15;15;15;15;15;15;15;15;15;15;15;15;15;15;15;15;15;15;15;15;15;15;15;15;15;15;15;15;15;15;15;15;15;15;15;15;15;15;15;15;15;15;15;15;15
15;15;15;15;15;15;15;15;15;15;15;15;15;15;15;15;15;15;15;15;15;15;15;15;15;15;15;15;15;15;15;15;15;15;15;15;15;15;15;15;15;15;15;15;15;15;15;15;15;15;15;15;15;15;15;15;15;15;15;15
15;15;15;15;15;15;15;15;15;15;15;15;15;15;15;15;15;15;15;15;15;15;15;15;15;15;15;15;15;15;15;15;15;15;15;15;15;15;15;15;15;15;15;15;15;15;15;15;15;15;15;15;15;15;15;15;15;15;15;15
15;15;15;15;15;15;15;15;15;15;15;15;15;15;15;15;15;15;15;15;15;15;15;15;15;15;15;15;15;15;15;15;15;15;15;15;15;15;15;15;15;15;15;15;15;15;15;15;15;15;15;15;15;15;15;15;15;15;15;15
15;15;15;15;15;15;15;15;15;15;15;15;15;15;15;15;15;15;15;15;15;15;15;15;15;15;15;15;15;15;15;15;15;15;15;15;15;15;15;15;15;15;15;15;15;15;15;15;15;15;15;15;15;15;15;15;15;15;15;15
15;15;15;15;15;15;15;15;15;15;15;15;15;15;15;15;15;15;15;15;15;15;15;15;15;15;15;15;15;15;15;15;15;15;15;15;15;15;15;15;15;15;15;15;15;15;15;15;15;15;15;15;15;15;15;15;15;15;15;15
15;15;15;15;15;15;15;15;15;15;15;15;15;15;15;15;15;15;15;15;15;15;15;15;15;15;15;15;15;15;15;15;15;15;15;15;15;15;15;15;15;15;15;15;15;15;15;15;15;15;15;15;15;15;15;15;15;15;15;15
15;15;15;15;15;15;15;15;15;15;15;15;15;15;15;15;15;15;15;15;15;15;15;15;15;15;15;15;15;15;15;15;15;15;15;15;15;15;15;15;15;15;15;15;15;15;15;15;15;15;15;15;15;15;15;15;15;15;15;15
15;15;15;15;15;15;15;15;15;15;15;15;15;15;15;15;15;15;15;15;15;15;15;15;15;15;15;15;15;15;15;15;15;15;15;15;15;15;15;15;15;15;15;15;15;15;15;15;15;15;15;15;15;15;15;15;15;15;15;15
15;15;15;15;15;15;15;15;15;15;15;15;15;15;15;15;15;15;15;15;15;15;15;15;15;15;15;15;15;15;15;15;15;15;15;15;15;15;15;15;15;15;15;15;15;15;15;15;15;15;15;15;15;15;15;15;15;15;15;15
15;15;15;15;15;15;15;15;15;15;15;15;15;15;15;15;15;15;15;15;15;15;15;15;15;15;15;15;15;15;15;15;15;15;15;15;15;15;15;15;15;15;15;15;15;15;15;15;15;15;15;15;15;15;15;15;15;15;15;15
15;15;15;15;15;15;15;15;15;15;15;15;15;15;15;15;15;15;15;15;15;15;15;15;15;15;15;15;15;15;15;15;15;15;15;15;15;15;15;15;15;15;15;15;15;15;15;15;15;15;15;15;15;15;15;15;15;15;15;15
15;15;15;15;15;15;15;15;15;15;15;15;15;15;15;15;15;15;15;15;15;15;15;15;15;15;15;15;15;15;15;15;15;15;15;15;15;15;15;15;15;15;15;15;15;15;15;15;15;15;15;15;15;15;15;15;15;15;15;15
15;15;15;15;15;15;15;15;15;15;15;15;15;15;15;15;15;15;15;15;15;15;15;15;15;15;15;15;15;15;15;15;15;15;15;15;15;15;15;15;15;15;15;15;15;15;15;15;15;15;15;15;15;15;15;15;15;15;15;15
15;15;15;15;15;15;15;15;15;15;15;15;15;15;15;15;15;15;15;15;15;15;15;15;15;15;15;15;15;15;15;15;15;15;15;15;15;15;15;15;15;15;15;15;15;15;15;15;15;15;15;15;15;15;15;15;15;15;15;15
15;15;15;15;15;15;15;15;15;15;15;15;15;15;15;15;15;15;15;15;15;15;15;15;15;15;15;15;15;15;15;15;15;15;15;15;15;15;15;15;15;15;15;15;15;15;15;15;15;15;15;15;15;15;15;15;15;15;15;15
15;15;15;15;15;15;15;15;15;15;15;15;15;15;15;15;15;15;15;15;15;15;15;15;15;15;15;15;15;15;15;15;15;15;15;15;15;15;15;15;15;15;15;15;15;15;15;15;15;15;15;15;15;15;15;15;15;15;15;15
15;15;15;15;15;15;15;15;15;15;15;15;15;15;15;15;15;15;15;15;15;15;15;15;15;15;15;15;15;15;15;15;15;15;15;15;15;15;15;15;15;15;15;15;15;15;15;15;15;15;15;15;15;15;15;15;15;15;15;15
15;15;15;15;15;15;15;15;15;15;15;15;15;15;15;15;15;15;15;15;15;15;15;15;15;15;15;15;15;15;15;15;15;15;15;15;15;15;15;15;15;15;15;15;15;15;15;15;15;15;15;15;15;15;15;15;15;15;15;15
15;15;15;15;15;15;15;15;15;15;15;15;15;15;15;15;15;15;15;15;15;15;15;15;15;15;15;15;15;15;15;15;15;15;15;15;15;15;15;15;15;15;15;15;15;15;15;15;15;15;15;15;15;15;15;15;15;15;15;15
15;15;15;15;15;15;15;15;15;15;15;15;15;15;15;15;15;15;15;15;15;15;15;15;15;15;15;15;15;15;15;15;15;15;15;15;15;15;15;15;15;15;15;15;15;15;15;15;15;15;15;15;15;15;15;15;15;15;15;15
15;15;15;15;15;15;15;15;15;15;15;15;15;15;15;15;15;15;15;15;15;15;15;15;15;15;15;15;15;15;15;15;15;15;15;15;15;15;15;15;15;15;15;15;15;15;15;15;15;15;15;15;15;15;15;15;15;15;15;15
15;15;15;15;15;15;15;15;15;15;15;15;15;15;15;15;15;15;15;15;15;15;15;15;15;15;15;15;15;15;15;15;15;15;15;15;15;15;15;15;15;15;15;15;15;15;15;15;15;15;15;15;15;15;15;15;15;15;15;15
15;15;15;15;15;15;15;15;15;15;15;15;15;15;15;15;15;15;15;15;15;15;15;15;15;15;15;15;15;15;15;15;15;15;15;15;15;15;15;15;15;15;15;15;15;15;15;15;15;15;15;15;15;15;15;15;15;15;15;15
15;15;15;15;15;15;15;15;15;15;15;15;15;15;15;15;15;15;15;15;15;15;15;15;15;15;15;15;15;15;15;15;15;15;15;15;15;15;15;15;15;15;15;15;15;15;15;15;15;15;15;15;15;15;15;15;15;15;15;15*
PIER_EXTENSION=56;;;;;;;;;;;;;;;;;;;;;;;;;;;;;;;;;;;;;;;;;;;;;;;;;;;;;;;;;;;
